,Air Temperature,Wind Speed,Humidity,Wet Bulb Temperature,Total Rain,Wind Direction,Rain Intensity,Precipitation Type
Air Temperature,1.0,-0.07695688110590254,0.008285962720511889,0.7639330388384047,0.3276817629827544,-0.10438261928167253,0.004582283924520683,-0.02986996191852408
Wind Speed,-0.07695688110590254,1.0,0.011767678467069352,-0.06438577935434946,-0.017500407603583106,-0.026758392442604424,0.021931227029009383,0.026026132411842394
Humidity,0.008285962720511889,0.011767678467069352,1.0,0.13080067023511638,0.08660422387815486,-0.1381497975253651,0.09139249815801521,0.22927842686767352
Wet Bulb Temperature,0.7639330388384047,-0.06438577935434946,0.13080067023511638,1.0,0.44372201600440214,-0.1588082173816677,0.025962593895202415,-0.015588059849422088
Total Rain,0.3276817629827544,-0.017500407603583106,0.08660422387815486,0.44372201600440214,1.0,-0.02167971170969445,0.01629681005691746,-0.03222466449146265
Wind Direction,-0.10438261928167253,-0.026758392442604424,-0.1381497975253651,-0.1588082173816677,-0.02167971170969445,1.0,-0.002950392548137088,0.0295085032520193
Rain Intensity,0.004582283924520683,0.021931227029009383,0.09139249815801521,0.025962593895202415,0.01629681005691746,-0.002950392548137088,1.0,0.31439670729837893
Precipitation Type,-0.02986996191852408,0.026026132411842394,0.22927842686767352,-0.015588059849422088,-0.03222466449146265,0.0295085032520193,0.31439670729837893,1.0
